{"accuracy": [0.4188888967037201, 0.7088888883590698, 0.8677777647972107, 0.949999988079071, 0.9844444394111633, 0.995555579662323, 0.9988889098167419, 0.9988889098167419, 1.0, 1.0], "loss": [4.507013320922852, 0.7339764833450317, 0.4034571051597595, 0.160334974527359, 0.05415875464677811, 0.02703014388680458, 0.016062084585428238, 0.006317921914160252, 0.003346924437209964, 0.002044286811724305], "val_accuracy": [0.6333333253860474, 0.8999999761581421, 0.9666666388511658, 1.0, 0.9666666388511658, 0.9666666388511658, 1.0, 1.0, 1.0, 1.0], "val_loss": [0.9044219255447388, 0.43552055954933167, 0.20472340285778046, 0.04510929435491562, 0.0855652466416359, 0.03839975595474243, 0.02395905926823616, 0.0104747973382473, 0.017573507502675056, 0.015342924743890762]}